<?xml version="1.0" encoding="UTF-8"?>
<project xmlns="http://maven.apache.org/POM/4.0.0" xmlns:xsi="http://www.w3.org/2001/XMLSchema-instance" xsi:schemaLocation="http://maven.apache.org/POM/4.0.0 http://maven.apache.org/maven-v4_0_0.xsd">
  <modelVersion>4.0.0</modelVersion>
  <groupId>com.conti.jira.api</groupId>
  <artifactId>JiraApi</artifactId>
  <name>JiraApi</name>
  <version>1.0</version>
  <url>http://maven.apache.org</url>
  <build>
    <plugins>
      <plugin>
        <artifactId>maven-compiler-plugin</artifactId>
        <version>3.2</version>
        <configuration>
          <source>1.8</source>
          <target>1.8</target>
        </configuration>
      </plugin>
      <plugin>
        <artifactId>maven-shade-plugin</artifactId>
        <version>2.1</version>
        <executions>
          <execution>
            <phase>package</phase>
            <goals>
              <goal>shade</goal>
            </goals>
          </execution>
        </executions>
        <configuration>
          <transformers>
            <transformer>
              <mainClass>com.conti.jira.api.App</mainClass>
            </transformer>
          </transformers>
        </configuration>
      </plugin>
    </plugins>
  </build>
  <repositories>
    <repository>
      <releases>
        <checksumPolicy>warn</checksumPolicy>
      </releases>
      <snapshots>
        <updatePolicy>daily</updatePolicy>
        <checksumPolicy>warn</checksumPolicy>
      </snapshots>
      <id>atlassian-public</id>
      <url>https://m2proxy.atlassian.com/repository/public</url>
    </repository>
  </repositories>
  <properties>
    <jodatime.version>2.5</jodatime.version>
    <jdk.version>1.8</jdk.version>
    <log4j.version>1.2.17</log4j.version>
    <junit.version>4.11</junit.version>
  </properties>
</project>

