<?xml version="1.0" encoding="UTF-8"?>

<project>
	<NAME>e_162c42_FORD_2013_BCM_LC-uidb5055:project:AFORD13~1</NAME>
	<VERSION>N/A</VERSION>
	<Memory_size>
		<RAM>
			<avRAM>3072</avRAM>
			<usRAM>512</usRAM>
		</RAM>
		<ROM>
			<avROM>3072</avROM>
			<usROM>1024</usROM>
		</ROM>
		<EEPROM>
			<avEEPROM>4144</avEEPROM>
			<usEEPROM>2048</usEEPROM>
		</EEPROM>
	</Memory_size>
	<Build_warnings>
		<bdWrn>50</bdWrn>
		<lkWrn>100</lkWrn>
	</Build_warnings>

	<Quality_Check>
		
		<cycloComplex>
			<functionsCyclo15To30>5.50277606415793</functionsCyclo15To30>
			<functionsCycloMore30>3.80012338062924</functionsCycloMore30>
			<functionsTotal>8105</functionsTotal>
			<functionsCyclo15To30Absolute>446</functionsCyclo15To30Absolute>
			<functionsCycloMore30Absolute>308</functionsCycloMore30Absolute>
		</cycloComplex>
		
		<eloc>
			<eloctotal>298521</eloctotal>
			<elocsafetycode>181449</elocsafetycode>
			<elocnonsafetycode>117072</elocnonsafetycode>
		</eloc>
		
		<misra>
			<safetycode>
				<required>
					<misra_safety_required_total>0</misra_safety_required_total>
					<misra_safety_required_subcontracted>0</misra_safety_required_subcontracted>
					<misra_safety_required_3rdparty>0</misra_safety_required_3rdparty>
					<misra_safety_required_autogenerated>N/A</misra_safety_required_autogenerated>
					<misra_safety_required_unmodifiedreused>0</misra_safety_required_unmodifiedreused>
					<misra_safety_required_modifiedreused>0</misra_safety_required_modifiedreused>
					<misra_safety_required_newcode>0</misra_safety_required_newcode>
				</required>
				<advisory>
					<misra_safety_advisory_total>0</misra_safety_advisory_total>
					<misra_safety_advisory_subcontracted>0</misra_safety_advisory_subcontracted>
					<misra_safety_advisory_3rdparty>0</misra_safety_advisory_3rdparty>
					<misra_safety_advisory_autogenerated>N/A</misra_safety_advisory_autogenerated>
					<misra_safety_advisory_unmodifiedreused>0</misra_safety_advisory_unmodifiedreused>
					<misra_safety_advisory_modifiedreused>0</misra_safety_advisory_modifiedreused>
					<misra_safety_advisory_newcode>0</misra_safety_advisory_newcode>
				</advisory>
				<obligatory>
					<misra_safety_obligatory_total>0</misra_safety_obligatory_total>
					<misra_safety_obligatory_subcontracted>N/A</misra_safety_obligatory_subcontracted>
					<misra_safety_obligatory_3rdparty>N/A</misra_safety_obligatory_3rdparty>
					<misra_safety_obligatory_autogenerated>0</misra_safety_obligatory_autogenerated>
					<misra_safety_obligatory_unmodifiedreused>N/A</misra_safety_obligatory_unmodifiedreused>
					<misra_safety_obligatory_modifiedreused>N/A</misra_safety_obligatory_modifiedreused>
					<misra_safety_obligatory_newcode>N/A</misra_safety_obligatory_newcode>
				</obligatory>
				<recommended>
					<misra_safety_recommended_total>0</misra_safety_recommended_total>
					<misra_safety_recommended_subcontracted>N/A</misra_safety_recommended_subcontracted>
					<misra_safety_recommended_3rdparty>N/A</misra_safety_recommended_3rdparty>
					<misra_safety_recommended_autogenerated>0</misra_safety_recommended_autogenerated>
					<misra_safety_recommended_unmodifiedreused>N/A</misra_safety_recommended_unmodifiedreused>
					<misra_safety_recommended_modifiedreused>N/A</misra_safety_recommended_modifiedreused>
					<misra_safety_recommended_newcode>N/A</misra_safety_recommended_newcode>
				</recommended>
			</safetycode>
			
			<nonsafetycode>
				<required>
					<misra_nonsafety_required_total>6803</misra_nonsafety_required_total>
					<misra_nonsafety_required_subcontracted>0</misra_nonsafety_required_subcontracted>
					<misra_nonsafety_required_3rdparty>2260</misra_nonsafety_required_3rdparty>
					<misra_nonsafety_required_autogenerated>N/A</misra_nonsafety_required_autogenerated>
					<misra_nonsafety_required_unmodifiedreused>1361</misra_nonsafety_required_unmodifiedreused>
					<misra_nonsafety_required_modifiedreused>394</misra_nonsafety_required_modifiedreused>
					<misra_nonsafety_required_newcode>2788</misra_nonsafety_required_newcode>
				</required>
				<advisory>
					<misra_nonsafety_advisory_total>3548</misra_nonsafety_advisory_total>
					<misra_nonsafety_advisory_subcontracted>0</misra_nonsafety_advisory_subcontracted>
					<misra_nonsafety_advisory_3rdparty>1582</misra_nonsafety_advisory_3rdparty>
					<misra_nonsafety_advisory_autogenerated>N/A</misra_nonsafety_advisory_autogenerated>
					<misra_nonsafety_advisory_unmodifiedreused>445</misra_nonsafety_advisory_unmodifiedreused>
					<misra_nonsafety_advisory_modifiedreused>149</misra_nonsafety_advisory_modifiedreused>
					<misra_nonsafety_advisory_newcode>1372</misra_nonsafety_advisory_newcode>
				</advisory>
				<obligatory>
					<misra_nonsafety_obligatory_total>12171</misra_nonsafety_obligatory_total>
					<misra_nonsafety_obligatory_subcontracted>N/A</misra_nonsafety_obligatory_subcontracted>
					<misra_nonsafety_obligatory_3rdparty>N/A</misra_nonsafety_obligatory_3rdparty>
					<misra_nonsafety_obligatory_autogenerated>12171</misra_nonsafety_obligatory_autogenerated>
					<misra_nonsafety_obligatory_unmodifiedreused>N/A</misra_nonsafety_obligatory_unmodifiedreused>
					<misra_nonsafety_obligatory_modifiedreused>N/A</misra_nonsafety_obligatory_modifiedreused>
					<misra_nonsafety_obligatory_newcode>N/A</misra_nonsafety_obligatory_newcode>
				</obligatory>
				<recommended>
					<misra_nonsafety_recommended_total>16963</misra_nonsafety_recommended_total>
					<misra_nonsafety_recommended_subcontracted>N/A</misra_nonsafety_recommended_subcontracted>
					<misra_nonsafety_recommended_3rdparty>N/A</misra_nonsafety_recommended_3rdparty>
					<misra_nonsafety_recommended_autogenerated>16963</misra_nonsafety_recommended_autogenerated>
					<misra_nonsafety_recommended_unmodifiedreused>N/A</misra_nonsafety_recommended_unmodifiedreused>
					<misra_nonsafety_recommended_modifiedreused>N/A</misra_nonsafety_recommended_modifiedreused>
					<misra_nonsafety_recommended_newcode>N/A</misra_nonsafety_recommended_newcode>
				</recommended>
			</nonsafetycode>
		</misra>
		
		<deviations>
			<safetycode>
				<absolute>
					<deviations_safety_absolute_total>14</deviations_safety_absolute_total>
					<deviations_safety_absolute_subcontracted>0</deviations_safety_absolute_subcontracted>
					<deviations_safety_absolute_3rdparty>0</deviations_safety_absolute_3rdparty>
					<deviations_safety_absolute_autogenerated>0</deviations_safety_absolute_autogenerated>
					<deviations_safety_absolute_unmodifiedreused>0</deviations_safety_absolute_unmodifiedreused>
					<deviations_safety_absolute_modifiedreused>0</deviations_safety_absolute_modifiedreused>
					<deviations_safety_absolute_newcode>14</deviations_safety_absolute_newcode>
				</absolute>
				<per100ELOC>
					<deviations_safety_per100ELOC_total>0.00771566666115548</deviations_safety_per100ELOC_total>
					<deviations_safety_per100ELOC_subcontracted> </deviations_safety_per100ELOC_subcontracted>
					<deviations_safety_per100ELOC_3rdparty> </deviations_safety_per100ELOC_3rdparty>
					<deviations_safety_per100ELOC_autogenerated> </deviations_safety_per100ELOC_autogenerated>
					<deviations_safety_per100ELOC_unmodifiedreused> </deviations_safety_per100ELOC_unmodifiedreused>
					<deviations_safety_per100ELOC_modifiedreused> </deviations_safety_per100ELOC_modifiedreused>
					<deviations_safety_per100ELOC_newcode>0.00771566666115548</deviations_safety_per100ELOC_newcode>
				</per100ELOC>
			</safetycode>
			
			<nonsafetycode>
				<absolute>
					<deviations_nonsafety_absolute_total>36275</deviations_nonsafety_absolute_total>
					<deviations_nonsafety_absolute_subcontracted>0</deviations_nonsafety_absolute_subcontracted>
					<deviations_nonsafety_absolute_3rdparty>2271</deviations_nonsafety_absolute_3rdparty>
					<deviations_nonsafety_absolute_autogenerated>29134</deviations_nonsafety_absolute_autogenerated>
					<deviations_nonsafety_absolute_unmodifiedreused>1363</deviations_nonsafety_absolute_unmodifiedreused>
					<deviations_nonsafety_absolute_modifiedreused>420</deviations_nonsafety_absolute_modifiedreused>
					<deviations_nonsafety_absolute_newcode>3087</deviations_nonsafety_absolute_newcode>
				</absolute>
				<per100ELOC>
					<deviations_nonsafety_per100ELOC_total>30.9852056853902</deviations_nonsafety_per100ELOC_total>
					<deviations_nonsafety_per100ELOC_subcontracted> </deviations_nonsafety_per100ELOC_subcontracted>
					<deviations_nonsafety_per100ELOC_3rdparty>21.7258203386588</deviations_nonsafety_per100ELOC_3rdparty>
					<deviations_nonsafety_per100ELOC_autogenerated>74.391645175293</deviations_nonsafety_per100ELOC_autogenerated>
					<deviations_nonsafety_per100ELOC_unmodifiedreused>4.89917688077352</deviations_nonsafety_per100ELOC_unmodifiedreused>
					<deviations_nonsafety_per100ELOC_modifiedreused>109.947643979058</deviations_nonsafety_per100ELOC_modifiedreused>
					<deviations_nonsafety_per100ELOC_newcode>7.86436705474741</deviations_nonsafety_per100ELOC_newcode>
				</per100ELOC>
			</nonsafetycode>
		</deviations>
		
		<qWarnings>
			<reqMISRA>960</reqMISRA>
			<advMISRA>960</advMISRA>
		</qWarnings>
		
	</Quality_Check>

</project>




